Point ID,arc_length,Points_0,Points_1,Points_2,Points_Magnitude,u_0,u_1,u_2,u_Magnitude,vtkValidPointMask
0,0,0,0,0,0,nan,nan,nan,nan,0
1,0.00282843,0.002,0.002,0,0.00282843,nan,nan,nan,nan,0
2,0.00565685,0.004,0.004,0,0.00565685,nan,nan,nan,nan,0
3,0.00848528,0.006,0.006,0,0.00848528,nan,nan,nan,nan,0
4,0.0113137,0.008,0.008,0,0.0113137,nan,nan,nan,nan,0
5,0.0141421,0.01,0.01,0,0.0141421,nan,nan,nan,nan,0
6,0.0169706,0.012,0.012,0,0.0169706,nan,nan,nan,nan,0
7,0.019799,0.014,0.014,0,0.019799,nan,nan,nan,nan,0
8,0.0226274,0.016,0.016,0,0.0226274,nan,nan,nan,nan,0
9,0.0254558,0.018,0.018,0,0.0254558,nan,nan,nan,nan,0
10,0.0282843,0.02,0.02,0,0.0282843,nan,nan,nan,nan,0
11,0.0311127,0.022,0.022,0,0.0311127,nan,nan,nan,nan,0
12,0.0339411,0.024,0.024,0,0.0339411,nan,nan,nan,nan,0
13,0.0367696,0.026,0.026,0,0.0367696,nan,nan,nan,nan,0
14,0.039598,0.028,0.028,0,0.039598,nan,nan,nan,nan,0
15,0.0424264,0.03,0.03,0,0.0424264,nan,nan,nan,nan,0
16,0.0452548,0.032,0.032,0,0.0452548,nan,nan,nan,nan,0
17,0.0480833,0.034,0.034,0,0.0480833,nan,nan,nan,nan,0
18,0.0509117,0.036,0.036,0,0.0509117,nan,nan,nan,nan,0
19,0.0537401,0.038,0.038,0,0.0537401,nan,nan,nan,nan,0
20,0.0565685,0.04,0.04,0,0.0565685,nan,nan,nan,nan,0
21,0.059397,0.042,0.042,0,0.059397,nan,nan,nan,nan,0
22,0.0622254,0.044,0.044,0,0.0622254,nan,nan,nan,nan,0
23,0.0650538,0.046,0.046,0,0.0650538,nan,nan,nan,nan,0
24,0.0678823,0.048,0.048,0,0.0678823,nan,nan,nan,nan,0
25,0.0707107,0.05,0.05,0,0.0707107,nan,nan,nan,nan,0
26,0.0735391,0.052,0.052,0,0.0735391,nan,nan,nan,nan,0
27,0.0763675,0.054,0.054,0,0.0763675,nan,nan,nan,nan,0
28,0.079196,0.056,0.056,0,0.079196,nan,nan,nan,nan,0
29,0.0820244,0.058,0.058,0,0.0820244,nan,nan,nan,nan,0
30,0.0848528,0.06,0.06,0,0.0848528,nan,nan,nan,nan,0
31,0.0876812,0.062,0.062,0,0.0876812,nan,nan,nan,nan,0
32,0.0905097,0.064,0.064,0,0.0905097,nan,nan,nan,nan,0
33,0.0933381,0.066,0.066,0,0.0933381,nan,nan,nan,nan,0
34,0.0961665,0.068,0.068,0,0.0961665,nan,nan,nan,nan,0
35,0.0989949,0.07,0.07,0,0.0989949,nan,nan,nan,nan,0
36,0.101823,0.072,0.072,0,0.101823,nan,nan,nan,nan,0
37,0.104652,0.074,0.074,0,0.104652,nan,nan,nan,nan,0
38,0.10748,0.076,0.076,0,0.10748,nan,nan,nan,nan,0
39,0.110309,0.078,0.078,0,0.110309,nan,nan,nan,nan,0
40,0.113137,0.08,0.08,0,0.113137,nan,nan,nan,nan,0
41,0.115966,0.082,0.082,0,0.115966,nan,nan,nan,nan,0
42,0.118794,0.084,0.084,0,0.118794,nan,nan,nan,nan,0
43,0.121622,0.086,0.086,0,0.121622,nan,nan,nan,nan,0
44,0.124451,0.088,0.088,0,0.124451,nan,nan,nan,nan,0
45,0.127279,0.09,0.09,0,0.127279,nan,nan,nan,nan,0
46,0.130108,0.092,0.092,0,0.130108,nan,nan,nan,nan,0
47,0.132936,0.094,0.094,0,0.132936,nan,nan,nan,nan,0
48,0.135765,0.096,0.096,0,0.135765,nan,nan,nan,nan,0
49,0.138593,0.098,0.098,0,0.138593,nan,nan,nan,nan,0
50,0.141421,0.1,0.1,0,0.141421,nan,nan,nan,nan,0
51,0.14425,0.102,0.102,0,0.14425,nan,nan,nan,nan,0
52,0.147078,0.104,0.104,0,0.147078,nan,nan,nan,nan,0
53,0.149907,0.106,0.106,0,0.149907,nan,nan,nan,nan,0
54,0.152735,0.108,0.108,0,0.152735,nan,nan,nan,nan,0
55,0.155563,0.11,0.11,0,0.155563,nan,nan,nan,nan,0
56,0.158392,0.112,0.112,0,0.158392,nan,nan,nan,nan,0
57,0.16122,0.114,0.114,0,0.16122,nan,nan,nan,nan,0
58,0.164049,0.116,0.116,0,0.164049,nan,nan,nan,nan,0
59,0.166877,0.118,0.118,0,0.166877,nan,nan,nan,nan,0
60,0.169706,0.12,0.12,0,0.169706,nan,nan,nan,nan,0
61,0.172534,0.122,0.122,0,0.172534,nan,nan,nan,nan,0
62,0.175362,0.124,0.124,0,0.175362,nan,nan,nan,nan,0
63,0.178191,0.126,0.126,0,0.178191,nan,nan,nan,nan,0
64,0.181019,0.128,0.128,0,0.181019,nan,nan,nan,nan,0
65,0.183848,0.13,0.13,0,0.183848,nan,nan,nan,nan,0
66,0.186676,0.132,0.132,0,0.186676,nan,nan,nan,nan,0
67,0.189505,0.134,0.134,0,0.189505,nan,nan,nan,nan,0
68,0.192333,0.136,0.136,0,0.192333,nan,nan,nan,nan,0
69,0.195161,0.138,0.138,0,0.195161,nan,nan,nan,nan,0
70,0.19799,0.14,0.14,0,0.19799,nan,nan,nan,nan,0
71,0.200818,0.142,0.142,0,0.200818,nan,nan,nan,nan,0
72,0.203647,0.144,0.144,0,0.203647,nan,nan,nan,nan,0
73,0.206475,0.146,0.146,0,0.206475,nan,nan,nan,nan,0
74,0.209304,0.148,0.148,0,0.209304,nan,nan,nan,nan,0
75,0.212132,0.15,0.15,0,0.212132,nan,nan,nan,nan,0
76,0.21496,0.152,0.152,0,0.21496,nan,nan,nan,nan,0
77,0.217789,0.154,0.154,0,0.217789,nan,nan,nan,nan,0
78,0.220617,0.156,0.156,0,0.220617,nan,nan,nan,nan,0
79,0.223446,0.158,0.158,0,0.223446,nan,nan,nan,nan,0
80,0.226274,0.16,0.16,0,0.226274,nan,nan,nan,nan,0
81,0.229103,0.162,0.162,0,0.229103,nan,nan,nan,nan,0
82,0.231931,0.164,0.164,0,0.231931,nan,nan,nan,nan,0
83,0.234759,0.166,0.166,0,0.234759,nan,nan,nan,nan,0
84,0.237588,0.168,0.168,0,0.237588,nan,nan,nan,nan,0
85,0.240416,0.17,0.17,0,0.240416,nan,nan,nan,nan,0
86,0.243245,0.172,0.172,0,0.243245,nan,nan,nan,nan,0
87,0.246073,0.174,0.174,0,0.246073,nan,nan,nan,nan,0
88,0.248902,0.176,0.176,0,0.248902,nan,nan,nan,nan,0
89,0.25173,0.178,0.178,0,0.25173,nan,nan,nan,nan,0
90,0.254558,0.18,0.18,0,0.254558,nan,nan,nan,nan,0
91,0.257387,0.182,0.182,0,0.257387,nan,nan,nan,nan,0
92,0.260215,0.184,0.184,0,0.260215,nan,nan,nan,nan,0
93,0.263044,0.186,0.186,0,0.263044,nan,nan,nan,nan,0
94,0.265872,0.188,0.188,0,0.265872,nan,nan,nan,nan,0
95,0.268701,0.19,0.19,0,0.268701,nan,nan,nan,nan,0
96,0.271529,0.192,0.192,0,0.271529,nan,nan,nan,nan,0
97,0.274357,0.194,0.194,0,0.274357,nan,nan,nan,nan,0
98,0.277186,0.196,0.196,0,0.277186,nan,nan,nan,nan,0
99,0.280014,0.198,0.198,0,0.280014,nan,nan,nan,nan,0
100,0.282843,0.2,0.2,0,0.282843,nan,nan,nan,nan,0
101,0.285671,0.202,0.202,0,0.285671,nan,nan,nan,nan,0
102,0.2885,0.204,0.204,0,0.2885,nan,nan,nan,nan,0
103,0.291328,0.206,0.206,0,0.291328,nan,nan,nan,nan,0
104,0.294156,0.208,0.208,0,0.294156,nan,nan,nan,nan,0
105,0.296985,0.21,0.21,0,0.296985,nan,nan,nan,nan,0
106,0.299813,0.212,0.212,0,0.299813,nan,nan,nan,nan,0
107,0.302642,0.214,0.214,0,0.302642,nan,nan,nan,nan,0
108,0.30547,0.216,0.216,0,0.30547,nan,nan,nan,nan,0
109,0.308299,0.218,0.218,0,0.308299,nan,nan,nan,nan,0
110,0.311127,0.22,0.22,0,0.311127,nan,nan,nan,nan,0
111,0.313955,0.222,0.222,0,0.313955,nan,nan,nan,nan,0
112,0.316784,0.224,0.224,0,0.316784,nan,nan,nan,nan,0
113,0.319612,0.226,0.226,0,0.319612,nan,nan,nan,nan,0
114,0.322441,0.228,0.228,0,0.322441,nan,nan,nan,nan,0
115,0.325269,0.23,0.23,0,0.325269,nan,nan,nan,nan,0
116,0.328098,0.232,0.232,0,0.328098,nan,nan,nan,nan,0
117,0.330926,0.234,0.234,0,0.330926,nan,nan,nan,nan,0
118,0.333754,0.236,0.236,0,0.333754,nan,nan,nan,nan,0
119,0.336583,0.238,0.238,0,0.336583,nan,nan,nan,nan,0
120,0.339411,0.24,0.24,0,0.339411,nan,nan,nan,nan,0
121,0.34224,0.242,0.242,0,0.34224,nan,nan,nan,nan,0
122,0.345068,0.244,0.244,0,0.345068,nan,nan,nan,nan,0
123,0.347897,0.246,0.246,0,0.347897,nan,nan,nan,nan,0
124,0.350725,0.248,0.248,0,0.350725,nan,nan,nan,nan,0
125,0.353553,0.25,0.25,0,0.353553,nan,nan,nan,nan,0
126,0.356382,0.252,0.252,0,0.356382,nan,nan,nan,nan,0
127,0.35921,0.254,0.254,0,0.35921,nan,nan,nan,nan,0
128,0.362039,0.256,0.256,0,0.362039,nan,nan,nan,nan,0
129,0.364867,0.258,0.258,0,0.364867,nan,nan,nan,nan,0
130,0.367696,0.26,0.26,0,0.367696,nan,nan,nan,nan,0
131,0.370524,0.262,0.262,0,0.370524,nan,nan,nan,nan,0
132,0.373352,0.264,0.264,0,0.373352,nan,nan,nan,nan,0
133,0.376181,0.266,0.266,0,0.376181,nan,nan,nan,nan,0
134,0.379009,0.268,0.268,0,0.379009,nan,nan,nan,nan,0
135,0.381838,0.27,0.27,0,0.381838,nan,nan,nan,nan,0
136,0.384666,0.272,0.272,0,0.384666,nan,nan,nan,nan,0
137,0.387495,0.274,0.274,0,0.387495,nan,nan,nan,nan,0
138,0.390323,0.276,0.276,0,0.390323,nan,nan,nan,nan,0
139,0.393151,0.278,0.278,0,0.393151,nan,nan,nan,nan,0
140,0.39598,0.28,0.28,0,0.39598,nan,nan,nan,nan,0
141,0.398808,0.282,0.282,0,0.398808,nan,nan,nan,nan,0
142,0.401637,0.284,0.284,0,0.401637,nan,nan,nan,nan,0
143,0.404465,0.286,0.286,0,0.404465,nan,nan,nan,nan,0
144,0.407293,0.288,0.288,0,0.407293,nan,nan,nan,nan,0
145,0.410122,0.29,0.29,0,0.410122,nan,nan,nan,nan,0
146,0.41295,0.292,0.292,0,0.41295,nan,nan,nan,nan,0
147,0.415779,0.294,0.294,0,0.415779,nan,nan,nan,nan,0
148,0.418607,0.296,0.296,0,0.418607,nan,nan,nan,nan,0
149,0.421436,0.298,0.298,0,0.421436,nan,nan,nan,nan,0
150,0.424264,0.3,0.3,0,0.424264,nan,nan,nan,nan,0
151,0.427092,0.302,0.302,0,0.427092,nan,nan,nan,nan,0
152,0.429921,0.304,0.304,0,0.429921,nan,nan,nan,nan,0
153,0.432749,0.306,0.306,0,0.432749,nan,nan,nan,nan,0
154,0.435578,0.308,0.308,0,0.435578,nan,nan,nan,nan,0
155,0.438406,0.31,0.31,0,0.438406,nan,nan,nan,nan,0
156,0.441235,0.312,0.312,0,0.441235,nan,nan,nan,nan,0
157,0.444063,0.314,0.314,0,0.444063,nan,nan,nan,nan,0
158,0.446892,0.316,0.316,0,0.446892,nan,nan,nan,nan,0
159,0.44972,0.318,0.318,0,0.44972,nan,nan,nan,nan,0
160,0.452548,0.32,0.32,0,0.452548,nan,nan,nan,nan,0
161,0.455377,0.322,0.322,0,0.455377,nan,nan,nan,nan,0
162,0.458205,0.324,0.324,0,0.458205,nan,nan,nan,nan,0
163,0.461034,0.326,0.326,0,0.461034,nan,nan,nan,nan,0
164,0.463862,0.328,0.328,0,0.463862,nan,nan,nan,nan,0
165,0.46669,0.33,0.33,0,0.46669,nan,nan,nan,nan,0
166,0.469519,0.332,0.332,0,0.469519,nan,nan,nan,nan,0
167,0.472347,0.334,0.334,0,0.472347,nan,nan,nan,nan,0
168,0.475176,0.336,0.336,0,0.475176,nan,nan,nan,nan,0
169,0.478004,0.338,0.338,0,0.478004,nan,nan,nan,nan,0
170,0.480833,0.34,0.34,0,0.480833,nan,nan,nan,nan,0
171,0.483661,0.342,0.342,0,0.483661,nan,nan,nan,nan,0
172,0.486489,0.344,0.344,0,0.486489,nan,nan,nan,nan,0
173,0.489318,0.346,0.346,0,0.489318,nan,nan,nan,nan,0
174,0.492146,0.348,0.348,0,0.492146,nan,nan,nan,nan,0
175,0.494975,0.35,0.35,0,0.494975,nan,nan,nan,nan,0
176,0.497803,0.352,0.352,0,0.497803,nan,nan,nan,nan,0
177,0.500632,0.354,0.354,0,0.500632,nan,nan,nan,nan,0
178,0.50346,0.356,0.356,0,0.50346,nan,nan,nan,nan,0
179,0.506288,0.358,0.358,0,0.506288,nan,nan,nan,nan,0
180,0.509117,0.36,0.36,0,0.509117,nan,nan,nan,nan,0
181,0.511945,0.362,0.362,0,0.511945,nan,nan,nan,nan,0
182,0.514774,0.364,0.364,0,0.514774,nan,nan,nan,nan,0
183,0.517602,0.366,0.366,0,0.517602,nan,nan,nan,nan,0
184,0.520431,0.368,0.368,0,0.520431,nan,nan,nan,nan,0
185,0.523259,0.37,0.37,0,0.523259,nan,nan,nan,nan,0
186,0.526087,0.372,0.372,0,0.526087,nan,nan,nan,nan,0
187,0.528916,0.374,0.374,0,0.528916,nan,nan,nan,nan,0
188,0.531744,0.376,0.376,0,0.531744,nan,nan,nan,nan,0
189,0.534573,0.378,0.378,0,0.534573,nan,nan,nan,nan,0
190,0.537401,0.38,0.38,0,0.537401,nan,nan,nan,nan,0
191,0.54023,0.382,0.382,0,0.54023,nan,nan,nan,nan,0
192,0.543058,0.384,0.384,0,0.543058,nan,nan,nan,nan,0
193,0.545886,0.386,0.386,0,0.545886,nan,nan,nan,nan,0
194,0.548715,0.388,0.388,0,0.548715,nan,nan,nan,nan,0
195,0.551543,0.39,0.39,0,0.551543,nan,nan,nan,nan,0
196,0.554372,0.392,0.392,0,0.554372,nan,nan,nan,nan,0
197,0.5572,0.394,0.394,0,0.5572,nan,nan,nan,nan,0
198,0.560029,0.396,0.396,0,0.560029,nan,nan,nan,nan,0
199,0.562857,0.398,0.398,0,0.562857,nan,nan,nan,nan,0
200,0.565685,0.4,0.4,0,0.565685,nan,nan,nan,nan,0
201,0.568514,0.402,0.402,0,0.568514,nan,nan,nan,nan,0
202,0.571342,0.404,0.404,0,0.571342,nan,nan,nan,nan,0
203,0.574171,0.406,0.406,0,0.574171,nan,nan,nan,nan,0
204,0.576999,0.408,0.408,0,0.576999,nan,nan,nan,nan,0
205,0.579828,0.41,0.41,0,0.579828,nan,nan,nan,nan,0
206,0.582656,0.412,0.412,0,0.582656,0.00110077,-0.000498752,0,0.00120849,1
207,0.585484,0.414,0.414,0,0.585484,0.00111355,-0.000512366,0,0.00122577,1
208,0.588313,0.416,0.416,0,0.588313,0.00111487,-0.000525148,0,0.00123237,1
209,0.591141,0.418,0.418,0,0.591141,0.00111515,-0.000539921,0,0.00123898,1
210,0.59397,0.42,0.42,0,0.59397,0.00111279,-0.000548285,0,0.00124054,1
211,0.596798,0.422,0.422,0,0.596798,0.00112246,-0.000561509,0,0.00125507,1
212,0.599627,0.424,0.424,0,0.599627,0.0011344,-0.000578099,0,0.00127321,1
213,0.602455,0.426,0.426,0,0.602455,0.00113717,-0.000588009,0,0.0012802,1
214,0.605283,0.428,0.428,0,0.605283,0.0011388,-0.000596405,0,0.00128552,1
215,0.608112,0.43,0.43,0,0.608112,0.00113851,-0.000605542,0,0.00128953,1
216,0.61094,0.432,0.432,0,0.61094,0.0011437,-0.00061733,0,0.00129967,1
217,0.613769,0.434,0.434,0,0.613769,0.00115367,-0.000634245,0,0.00131652,1
218,0.616597,0.436,0.436,0,0.616597,0.00115957,-0.000649237,0,0.00132895,1
219,0.619426,0.438,0.438,0,0.619426,0.00116095,-0.000657295,0,0.00133411,1
220,0.622254,0.44,0.44,0,0.622254,0.00115731,-0.000665524,0,0.00133502,1
221,0.625082,0.442,0.442,0,0.625082,0.00115657,-0.000679812,0,0.00134157,1
222,0.627911,0.444,0.444,0,0.627911,0.0011588,-0.000693561,0,0.0013505,1
223,0.630739,0.446,0.446,0,0.630739,0.00116295,-0.000703973,0,0.00135942,1
224,0.633568,0.448,0.448,0,0.633568,0.0011691,-0.000715103,0,0.00137046,1
225,0.636396,0.45,0.45,0,0.636396,0.00117222,-0.000726549,0,0.00137912,1
226,0.639225,0.452,0.452,0,0.639225,0.00117111,-0.000735993,0,0.00138318,1
227,0.642053,0.454,0.454,0,0.642053,0.00117569,-0.000750141,0,0.00139462,1
228,0.644881,0.456,0.456,0,0.644881,0.00117791,-0.000759408,0,0.00140149,1
229,0.64771,0.458,0.458,0,0.64771,0.00118169,-0.000769972,0,0.0014104,1
230,0.650538,0.46,0.46,0,0.650538,0.00118449,-0.000779411,0,0.00141792,1
231,0.653367,0.462,0.462,0,0.653367,0.00118631,-0.000789594,0,0.00142505,1
232,0.656195,0.464,0.464,0,0.656195,0.00119134,-0.000802795,0,0.00143659,1
233,0.659024,0.466,0.466,0,0.659024,0.00119244,-0.000811572,0,0.00144242,1
234,0.661852,0.468,0.468,0,0.661852,0.00119356,-0.000820196,0,0.0014482,1
235,0.66468,0.47,0.47,0,0.66468,0.00119579,-0.000832169,0,0.00145685,1
236,0.667509,0.472,0.472,0,0.667509,0.00119556,-0.000845478,0,0.0014643,1
237,0.670337,0.474,0.474,0,0.670337,0.00119244,-0.000855913,0,0.00146782,1
238,0.673166,0.476,0.476,0,0.673166,0.00118973,-0.000866166,0,0.00147163,1
239,0.675994,0.478,0.478,0,0.675994,0.00118757,-0.000876078,0,0.00147575,1
240,0.678823,0.48,0.48,0,0.678823,0.00119046,-0.000887236,0,0.00148471,1
241,0.681651,0.482,0.482,0,0.681651,0.00119408,-0.000898704,0,0.00149449,1
242,0.684479,0.484,0.484,0,0.684479,0.00119642,-0.000910572,0,0.00150352,1
243,0.687308,0.486,0.486,0,0.687308,0.00119937,-0.000921449,0,0.00151247,1
244,0.690136,0.488,0.488,0,0.690136,0.00119805,-0.000928336,0,0.00151563,1
245,0.692965,0.49,0.49,0,0.692965,0.00119659,-0.000935163,0,0.00151867,1
246,0.695793,0.492,0.492,0,0.695793,0.00119631,-0.000942517,0,0.00152299,1
247,0.698622,0.494,0.494,0,0.698622,0.00119722,-0.000952978,0,0.0015302,1
248,0.70145,0.496,0.496,0,0.70145,0.00119874,-0.000965135,0,0.00153898,1
249,0.704278,0.498,0.498,0,0.704278,0.00120131,-0.00097618,0,0.00154792,1
250,0.707107,0.5,0.5,0,0.707107,0.00120256,-0.000985735,0,0.00155494,1
251,0.709935,0.502,0.502,0,0.709935,0.00120117,-0.000992856,0,0.00155839,1
252,0.712764,0.504,0.504,0,0.712764,0.00119862,-0.000999048,0,0.00156038,1
253,0.715592,0.506,0.506,0,0.715592,0.00119566,-0.00100677,0,0.00156307,1
254,0.718421,0.508,0.508,0,0.718421,0.00119391,-0.0010159,0,0.00156763,1
255,0.721249,0.51,0.51,0,0.721249,0.00119504,-0.00102584,0,0.00157495,1
256,0.724077,0.512,0.512,0,0.724077,0.00119628,-0.00103576,0,0.00158236,1
257,0.726906,0.514,0.514,0,0.726906,0.00119765,-0.00104559,0,0.00158985,1
258,0.729734,0.516,0.516,0,0.729734,0.00119952,-0.00105498,0,0.00159745,1
259,0.732563,0.518,0.518,0,0.732563,0.00119891,-0.00106455,0,0.00160332,1
260,0.735391,0.52,0.52,0,0.735391,0.00119708,-0.00107417,0,0.00160836,1
261,0.738219,0.522,0.522,0,0.738219,0.00119482,-0.00108204,0,0.00161196,1
262,0.741048,0.524,0.524,0,0.741048,0.00119242,-0.00108936,0,0.00161511,1
263,0.743876,0.526,0.526,0,0.743876,0.00118727,-0.00109537,0,0.00161538,1
264,0.746705,0.528,0.528,0,0.746705,0.00118278,-0.00110333,0,0.0016175,1
265,0.749533,0.53,0.53,0,0.749533,0.00117994,-0.0011145,0,0.00162308,1
266,0.752362,0.532,0.532,0,0.752362,0.00117644,-0.00112459,0,0.00162748,1
267,0.75519,0.534,0.534,0,0.75519,0.00117234,-0.00113308,0,0.00163041,1
268,0.758018,0.536,0.536,0,0.758018,0.00116895,-0.00114205,0,0.00163424,1
269,0.760847,0.538,0.538,0,0.760847,0.00116882,-0.0011517,0,0.0016409,1
270,0.763675,0.54,0.54,0,0.763675,0.00116897,-0.00116103,0,0.00164757,1
271,0.766504,0.542,0.542,0,0.766504,0.00116877,-0.00116966,0,0.00165352,1
272,0.769332,0.544,0.544,0,0.769332,0.00117002,-0.00117824,0,0.00166048,1
273,0.772161,0.546,0.546,0,0.772161,0.00117096,-0.00118677,0,0.0016672,1
274,0.774989,0.548,0.548,0,0.774989,0.00117223,-0.00119537,0,0.00167422,1
275,0.777817,0.55,0.55,0,0.777817,0.00117255,-0.00120111,0,0.00167855,1
276,0.780646,0.552,0.552,0,0.780646,0.00117186,-0.00120627,0,0.00168177,1
277,0.783474,0.554,0.554,0,0.783474,0.00117047,-0.00121117,0,0.00168432,1
278,0.786303,0.556,0.556,0,0.786303,0.00116651,-0.00121503,0,0.00168435,1
279,0.789131,0.558,0.558,0,0.789131,0.00116245,-0.00121861,0,0.00168413,1
280,0.79196,0.56,0.56,0,0.79196,0.00115872,-0.00122295,0,0.00168471,1
281,0.794788,0.562,0.562,0,0.794788,0.00115432,-0.00122839,0,0.00168564,1
282,0.797616,0.564,0.564,0,0.797616,0.00114939,-0.00123463,0,0.00168683,1
283,0.800445,0.566,0.566,0,0.800445,0.0011446,-0.00124177,0,0.00168881,1
284,0.803273,0.568,0.568,0,0.803273,0.0011398,-0.00124903,0,0.00169092,1
285,0.806102,0.57,0.57,0,0.806102,0.00113449,-0.00125637,0,0.00169279,1
286,0.80893,0.572,0.572,0,0.80893,0.00112952,-0.00126385,0,0.00169503,1
287,0.811759,0.574,0.574,0,0.811759,0.00112533,-0.00127208,0,0.0016984,1
288,0.814587,0.576,0.576,0,0.814587,0.00112129,-0.00127961,0,0.00170138,1
289,0.817415,0.578,0.578,0,0.817415,0.00111814,-0.00128771,0,0.00170542,1
290,0.820244,0.58,0.58,0,0.820244,0.00111584,-0.00129597,0,0.00171015,1
291,0.823072,0.582,0.582,0,0.823072,0.00111366,-0.00130401,0,0.00171485,1
292,0.825901,0.584,0.584,0,0.825901,0.00111122,-0.00131163,0,0.00171907,1
293,0.828729,0.586,0.586,0,0.828729,0.0011077,-0.0013175,0,0.00172128,1
294,0.831558,0.588,0.588,0,0.831558,0.00110418,-0.00132337,0,0.00172352,1
295,0.834386,0.59,0.59,0,0.834386,0.00110038,-0.00132841,0,0.00172497,1
296,0.837214,0.592,0.592,0,0.837214,0.00109591,-0.00133273,0,0.00172545,1
297,0.840043,0.594,0.594,0,0.840043,0.00109102,-0.00133678,0,0.00172549,1
298,0.842871,0.596,0.596,0,0.842871,0.00108626,-0.00134083,0,0.00172563,1
299,0.8457,0.598,0.598,0,0.8457,0.00108215,-0.00134525,0,0.00172649,1
300,0.848528,0.6,0.6,0,0.848528,0.00107962,-0.00135111,0,0.00172947,1
301,0.851357,0.602,0.602,0,0.851357,0.00107709,-0.00135698,0,0.00173249,1
302,0.854185,0.604,0.604,0,0.854185,0.00107473,-0.00136298,0,0.00173573,1
303,0.857013,0.606,0.606,0,0.857013,0.00107105,-0.00136794,0,0.00173735,1
304,0.859842,0.608,0.608,0,0.859842,0.00106719,-0.00137292,0,0.00173891,1
305,0.86267,0.61,0.61,0,0.86267,0.00106315,-0.00137758,0,0.00174012,1
306,0.865499,0.612,0.612,0,0.865499,0.0010587,-0.00138152,0,0.00174053,1
307,0.868327,0.614,0.614,0,0.868327,0.00105356,-0.00138542,0,0.00174051,1
308,0.871156,0.616,0.616,0,0.871156,0.00104769,-0.00138929,0,0.00174005,1
309,0.873984,0.618,0.618,0,0.873984,0.00104159,-0.00139358,0,0.00173982,1
310,0.876812,0.62,0.62,0,0.876812,0.00103521,-0.00139774,0,0.00173935,1
311,0.879641,0.622,0.622,0,0.879641,0.00102875,-0.00140137,0,0.00173844,1
312,0.882469,0.624,0.624,0,0.882469,0.00102249,-0.00140542,0,0.00173801,1
313,0.885298,0.626,0.626,0,0.885298,0.00101623,-0.00140947,0,0.00173762,1
314,0.888126,0.628,0.628,0,0.888126,0.00101031,-0.00141372,0,0.00173763,1
315,0.890955,0.63,0.63,0,0.890955,0.0010051,-0.00141791,0,0.00173802,1
316,0.893783,0.632,0.632,0,0.893783,0.000999881,-0.0014221,0,0.00173843,1
317,0.896611,0.634,0.634,0,0.896611,0.000994462,-0.00142595,0,0.00173847,1
318,0.89944,0.636,0.636,0,0.89944,0.000988918,-0.0014299,0,0.00173856,1
319,0.902268,0.638,0.638,0,0.902268,0.000983368,-0.00143392,0,0.00173872,1
320,0.905097,0.64,0.64,0,0.905097,0.000977965,-0.00143809,0,0.00173912,1
321,0.907925,0.642,0.642,0,0.907925,0.000972865,-0.00144224,0,0.00173969,1
322,0.910754,0.644,0.644,0,0.910754,0.000968115,-0.001446,0,0.00174016,1
323,0.913582,0.646,0.646,0,0.913582,0.000963281,-0.00144972,0,0.00174058,1
324,0.91641,0.648,0.648,0,0.91641,0.000958291,-0.00145321,0,0.00174073,1
325,0.919239,0.65,0.65,0,0.919239,0.000953084,-0.00145645,0,0.00174058,1
326,0.922067,0.652,0.652,0,0.922067,0.000946833,-0.00145931,0,0.00173956,1
327,0.924896,0.654,0.654,0,0.924896,0.000941054,-0.00146186,0,0.00173856,1
328,0.927724,0.656,0.656,0,0.927724,0.000935397,-0.00146429,0,0.00173756,1
329,0.930553,0.658,0.658,0,0.930553,0.000929464,-0.00146662,0,0.00173634,1
330,0.933381,0.66,0.66,0,0.933381,0.000923531,-0.00146894,0,0.00173514,1
331,0.936209,0.662,0.662,0,0.936209,0.000918107,-0.00147111,0,0.0017341,1
332,0.939038,0.664,0.664,0,0.939038,0.000911807,-0.00147229,0,0.00173177,1
333,0.941866,0.666,0.666,0,0.941866,0.000905676,-0.00147318,0,0.00172931,1
334,0.944695,0.668,0.668,0,0.944695,0.000899546,-0.00147407,0,0.00172687,1
335,0.947523,0.67,0.67,0,0.947523,0.000893509,-0.00147551,0,0.00172496,1
336,0.950351,0.672,0.672,0,0.950351,0.000887518,-0.00147722,0,0.00172333,1
337,0.95318,0.674,0.674,0,0.95318,0.000881527,-0.00147893,0,0.00172172,1
338,0.956008,0.676,0.676,0,0.956008,0.000875129,-0.00148022,0,0.00171956,1
339,0.958837,0.678,0.678,0,0.958837,0.000869449,-0.00148186,0,0.0017181,1
340,0.961665,0.68,0.68,0,0.961665,0.000863319,-0.00148348,0,0.0017164,1
341,0.964494,0.682,0.682,0,0.964494,0.000857189,-0.00148509,0,0.00171472,1
342,0.967322,0.684,0.684,0,0.967322,0.000850844,-0.00148676,0,0.00171301,1
343,0.97015,0.686,0.686,0,0.97015,0.000844479,-0.00148845,0,0.00171132,1
344,0.972979,0.688,0.688,0,0.972979,0.000839303,-0.00149056,0,0.00171062,1
345,0.975807,0.69,0.69,0,0.975807,0.000833392,-0.00149277,0,0.00170965,1
346,0.978636,0.692,0.692,0,0.978636,0.000827481,-0.00149497,0,0.0017087,1
347,0.981464,0.694,0.694,0,0.981464,0.00082157,-0.00149717,0,0.00170778,1
348,0.984293,0.696,0.696,0,0.984293,0.000815444,-0.00149916,0,0.00170658,1
349,0.987121,0.698,0.698,0,0.987121,0.000808763,-0.00150032,0,0.00170442,1
350,0.989949,0.7,0.7,0,0.989949,0.000802082,-0.00150148,0,0.00170228,1
351,0.992778,0.702,0.702,0,0.992778,0.0007954,-0.00150264,0,0.00170017,1
352,0.995606,0.704,0.704,0,0.995606,0.00078825,-0.00150353,0,0.00169763,1
353,0.998435,0.706,0.706,0,0.998435,0.000780477,-0.00150372,0,0.0016942,1
354,1.00126,0.708,0.708,0,1.00126,0.000772201,-0.00150306,0,0.00168982,1
355,1.00409,0.71,0.71,0,1.00409,0.000763926,-0.00150241,0,0.00168548,1
356,1.00692,0.712,0.712,0,1.00692,0.00075586,-0.00150173,0,0.00168123,1
357,1.00975,0.714,0.714,0,1.00975,0.000747964,-0.00150103,0,0.00167706,1
358,1.01258,0.716,0.716,0,1.01258,0.000739891,-0.00150083,0,0.0016733,1
359,1.01541,0.718,0.718,0,1.01541,0.00073171,-0.00150093,0,0.00166979,1
360,1.01823,0.72,0.72,0,1.01823,0.000723907,-0.00150092,0,0.00166637,1
361,1.02106,0.722,0.722,0,1.02106,0.000716824,-0.00150065,0,0.00166307,1
362,1.02389,0.724,0.724,0,1.02389,0.000709519,-0.00149975,0,0.00165912,1
363,1.02672,0.726,0.726,0,1.02672,0.000702214,-0.00149885,0,0.00165519,1
364,1.02955,0.728,0.728,0,1.02955,0.000694658,-0.00149838,0,0.00165157,1
365,1.03238,0.73,0.73,0,1.03238,0.000687076,-0.00149794,0,0.001648,1
366,1.0352,0.732,0.732,0,1.0352,0.000679494,-0.00149751,0,0.00164446,1
367,1.03803,0.734,0.734,0,1.03803,0.000671913,-0.00149707,0,0.00164094,1
368,1.04086,0.736,0.736,0,1.04086,0.000664331,-0.00149664,0,0.00163746,1
369,1.04369,0.738,0.738,0,1.04369,0.000656836,-0.00149597,0,0.00163382,1
370,1.04652,0.74,0.74,0,1.04652,0.000649323,-0.00149506,0,0.00162998,1
371,1.04935,0.742,0.742,0,1.04935,0.00064181,-0.00149416,0,0.00162617,1
372,1.05217,0.744,0.744,0,1.05217,0.000634297,-0.00149325,0,0.00162239,1
373,1.055,0.746,0.746,0,1.055,0.000626783,-0.00149235,0,0.00161863,1
374,1.05783,0.748,0.748,0,1.05783,0.000619445,-0.00149141,0,0.00161494,1
375,1.06066,0.75,0.75,0,1.06066,0.000612441,-0.00149055,0,0.00161146,1
376,1.06349,0.752,0.752,0,1.06349,0.000605491,-0.00148973,0,0.00160808,1
377,1.06632,0.754,0.754,0,1.06632,0.000598541,-0.00148892,0,0.00160472,1
378,1.06915,0.756,0.756,0,1.06915,0.000591479,-0.00148793,0,0.00160118,1
379,1.07197,0.758,0.758,0,1.07197,0.000583888,-0.00148633,0,0.0015969,1
380,1.0748,0.76,0.76,0,1.0748,0.000575489,-0.00148456,0,0.0015922,1
381,1.07763,0.762,0.762,0,1.07763,0.00056709,-0.00148279,0,0.00158753,1
382,1.08046,0.764,0.764,0,1.08046,0.000558691,-0.00148102,0,0.00158289,1
383,1.08329,0.766,0.766,0,1.08329,0.000550535,-0.00147975,0,0.00157884,1
384,1.08612,0.768,0.768,0,1.08612,0.000542625,-0.00147828,0,0.00157472,1
385,1.08894,0.77,0.77,0,1.08894,0.000534788,-0.0014767,0,0.00157056,1
386,1.09177,0.772,0.772,0,1.09177,0.000526951,-0.00147512,0,0.00156642,1
387,1.0946,0.774,0.774,0,1.0946,0.00051848,-0.00147307,0,0.00156165,1
388,1.09743,0.776,0.776,0,1.09743,0.000509519,-0.00147065,0,0.00155641,1
389,1.10026,0.778,0.778,0,1.10026,0.000500701,-0.00146827,0,0.00155129,1
390,1.10309,0.78,0.78,0,1.10309,0.000492296,-0.001466,0,0.00154646,1
391,1.10592,0.782,0.782,0,1.10592,0.000483915,-0.00146366,0,0.00154158,1
392,1.10874,0.784,0.784,0,1.10874,0.000475716,-0.00146066,0,0.00153617,1
393,1.11157,0.786,0.786,0,1.11157,0.000467517,-0.00145766,0,0.00153079,1
394,1.1144,0.788,0.788,0,1.1144,0.000459318,-0.00145466,0,0.00152545,1
395,1.11723,0.79,0.79,0,1.11723,0.000451106,-0.00145158,0,0.00152006,1
396,1.12006,0.792,0.792,0,1.12006,0.000442872,-0.00144836,0,0.00151455,1
397,1.12289,0.794,0.794,0,1.12289,0.000434469,-0.00144476,0,0.00150867,1
398,1.12571,0.796,0.796,0,1.12571,0.000425943,-0.00144089,0,0.00150253,1
399,1.12854,0.798,0.798,0,1.12854,0.000417418,-0.00143702,0,0.00149641,1
400,1.13137,0.8,0.8,0,1.13137,0.000408892,-0.00143315,0,0.00149033,1
401,1.1342,0.802,0.802,0,1.1342,0.00040021,-0.00142948,0,0.00148445,1
402,1.13703,0.804,0.804,0,1.13703,0.000391403,-0.00142579,0,0.00147854,1
403,1.13986,0.806,0.806,0,1.13986,0.000382422,-0.00142206,0,0.00147259,1
404,1.14268,0.808,0.808,0,1.14268,0.000373441,-0.00141833,0,0.00146667,1
405,1.14551,0.81,0.81,0,1.14551,0.000364459,-0.00141461,0,0.0014608,1
406,1.14834,0.812,0.812,0,1.14834,0.000355478,-0.00141088,0,0.00145497,1
407,1.15117,0.814,0.814,0,1.15117,0.000346851,-0.00140676,0,0.00144889,1
408,1.154,0.816,0.816,0,1.154,0.000338517,-0.00140255,0,0.00144282,1
409,1.15683,0.818,0.818,0,1.15683,0.000330224,-0.00139811,0,0.00143658,1
410,1.15966,0.82,0.82,0,1.15966,0.000321929,-0.00139366,0,0.00143036,1
411,1.16248,0.822,0.822,0,1.16248,0.000313557,-0.00138908,0,0.00142403,1
412,1.16531,0.824,0.824,0,1.16531,0.000305184,-0.00138451,0,0.00141774,1
413,1.16814,0.826,0.826,0,1.16814,0.000296812,-0.00137993,0,0.00141149,1
414,1.17097,0.828,0.828,0,1.17097,0.00028851,-0.00137514,0,0.00140508,1
415,1.1738,0.83,0.83,0,1.1738,0.000280238,-0.00137025,0,0.00139862,1
416,1.17663,0.832,0.832,0,1.17663,0.000271783,-0.00136555,0,0.00139233,1
417,1.17945,0.834,0.834,0,1.17945,0.000263329,-0.00136084,0,0.00138608,1
418,1.18228,0.836,0.836,0,1.18228,0.000254874,-0.00135613,0,0.00137987,1
419,1.18511,0.838,0.838,0,1.18511,0.00024634,-0.00135102,0,0.00137329,1
420,1.18794,0.84,0.84,0,1.18794,0.000237803,-0.0013459,0,0.00136674,1
421,1.19077,0.842,0.842,0,1.19077,0.000229266,-0.00134078,0,0.00136024,1
422,1.1936,0.844,0.844,0,1.1936,0.00022073,-0.00133566,0,0.00135377,1
423,1.19642,0.846,0.846,0,1.19642,0.000212193,-0.00133054,0,0.00134735,1
424,1.19925,0.848,0.848,0,1.19925,0.000203544,-0.00132558,0,0.00134111,1
425,1.20208,0.85,0.85,0,1.20208,0.000194772,-0.00132081,0,0.00133509,1
426,1.20491,0.852,0.852,0,1.20491,0.000186,-0.00131604,0,0.00132912,1
427,1.20774,0.854,0.854,0,1.20774,0.000177228,-0.00131127,0,0.0013232,1
428,1.21057,0.856,0.856,0,1.21057,0.000168455,-0.00130651,0,0.00131732,1
429,1.2134,0.858,0.858,0,1.2134,0.000159683,-0.00130174,0,0.0013115,1
430,1.21622,0.86,0.86,0,1.21622,0.000150911,-0.00129697,0,0.00130572,1
431,1.21905,0.862,0.862,0,1.21905,0.000142004,-0.00129208,0,0.00129986,1
432,1.22188,0.864,0.864,0,1.22188,0.000132638,-0.00128659,0,0.00129341,1
433,1.22471,0.866,0.866,0,1.22471,0.000123257,-0.00128113,0,0.00128705,1
434,1.22754,0.868,0.868,0,1.22754,0.000113868,-0.00127569,0,0.00128076,1
435,1.23037,0.87,0.87,0,1.23037,0.000104479,-0.00127024,0,0.00127453,1
436,1.23319,0.872,0.872,0,1.23319,9.50909e-05,-0.0012648,0,0.00126837,1
437,1.23602,0.874,0.874,0,1.23602,8.57021e-05,-0.00125935,0,0.00126226,1
438,1.23885,0.876,0.876,0,1.23885,7.61712e-05,-0.00125336,0,0.00125567,1
439,1.24168,0.878,0.878,0,1.24168,6.6432e-05,-0.00124656,0,0.00124833,1
440,1.24451,0.88,0.88,0,1.24451,5.6693e-05,-0.00123976,0,0.00124105,1
441,1.24734,0.882,0.882,0,1.24734,4.66818e-05,-0.00123307,0,0.00123396,1
442,1.25016,0.884,0.884,0,1.25016,3.66299e-05,-0.00122641,0,0.00122695,1
443,1.25299,0.886,0.886,0,1.25299,2.65781e-05,-0.00121974,0,0.00122003,1
444,1.25582,0.888,0.888,0,1.25582,1.65259e-05,-0.00121307,0,0.00121318,1
445,1.25865,0.89,0.89,0,1.25865,6.4741e-06,-0.0012064,0,0.00120642,1
446,1.26148,0.892,0.892,0,1.26148,-3.57804e-06,-0.00119973,0,0.00119974,1
447,1.26431,0.894,0.894,0,1.26431,-1.34945e-05,-0.00119267,0,0.00119275,1
448,1.26714,0.896,0.896,0,1.26714,-2.31296e-05,-0.00118533,0,0.00118556,1
449,1.26996,0.898,0.898,0,1.26996,-3.25244e-05,-0.00117811,0,0.00117856,1
450,1.27279,0.9,0.9,0,1.27279,-4.19193e-05,-0.00117089,0,0.00117164,1
451,1.27562,0.902,0.902,0,1.27562,-5.13145e-05,-0.00116367,0,0.0011648,1
452,1.27845,0.904,0.904,0,1.27845,-6.07093e-05,-0.00115645,0,0.00115804,1
453,1.28128,0.906,0.906,0,1.28128,-7.0155e-05,-0.0011491,0,0.00115124,1
454,1.28411,0.908,0.908,0,1.28411,-7.961e-05,-0.00114173,0,0.00114451,1
455,1.28693,0.91,0.91,0,1.28693,-8.90652e-05,-0.00113436,0,0.00113785,1
456,1.28976,0.912,0.912,0,1.28976,-9.86328e-05,-0.00112691,0,0.00113121,1
457,1.29259,0.914,0.914,0,1.29259,-0.000108159,-0.00111832,0,0.00112353,1
458,1.29542,0.916,0.916,0,1.29542,-0.000117677,-0.00110971,0,0.00111593,1
459,1.29825,0.918,0.918,0,1.29825,-0.000127195,-0.00110111,0,0.00110843,1
460,1.30108,0.92,0.92,0,1.30108,-0.000136714,-0.0010925,0,0.00110102,1
461,1.3039,0.922,0.922,0,1.3039,-0.000146543,-0.00108394,0,0.0010938,1
462,1.30673,0.924,0.924,0,1.30673,-0.000156938,-0.00107531,0,0.0010867,1
463,1.30956,0.926,0.926,0,1.30956,-0.000167332,-0.00106667,0,0.00107972,1
464,1.31239,0.928,0.928,0,1.31239,-0.000177726,-0.00105803,0,0.00107286,1
465,1.31522,0.93,0.93,0,1.31522,-0.00018812,-0.0010494,0,0.00106612,1
466,1.31805,0.932,0.932,0,1.31805,-0.000198514,-0.00104076,0,0.00105952,1
467,1.32088,0.934,0.934,0,1.32088,-0.000208549,-0.0010319,0,0.00105277,1
468,1.3237,0.936,0.936,0,1.3237,-0.000218271,-0.00102303,0,0.00104606,1
469,1.32653,0.938,0.938,0,1.32653,-0.000227993,-0.00101416,0,0.00103947,1
470,1.32936,0.94,0.94,0,1.32936,-0.000237715,-0.00100529,0,0.00103301,1
471,1.33219,0.942,0.942,0,1.33219,-0.000247436,-0.000996413,0,0.00102668,1
472,1.33502,0.944,0.944,0,1.33502,-0.000257158,-0.000987541,0,0.00102047,1
473,1.33785,0.946,0.946,0,1.33785,-0.000267067,-0.000978793,0,0.00101457,1
474,1.34067,0.948,0.948,0,1.34067,-0.000277068,-0.000970109,0,0.0010089,1
475,1.3435,0.95,0.95,0,1.3435,-0.000286946,-0.000961505,0,0.00100341,1
476,1.34633,0.952,0.952,0,1.34633,-0.000296824,-0.0009529,0,0.000998059,1
477,1.34916,0.954,0.954,0,1.34916,-0.000306702,-0.000944295,0,0.000992854,1
478,1.35199,0.956,0.956,0,1.35199,-0.000316579,-0.00093569,0,0.000987795,1
479,1.35482,0.958,0.958,0,1.35482,-0.000326457,-0.000927085,0,0.000982884,1
480,1.35765,0.96,0.96,0,1.35765,-0.000336358,-0.000918252,0,0.000977917,1
481,1.36047,0.962,0.962,0,1.36047,-0.000346281,-0.000909187,0,0.000972898,1
482,1.3633,0.964,0.964,0,1.3633,-0.000356204,-0.000900122,0,0.00096804,1
483,1.36613,0.966,0.966,0,1.36613,-0.000366083,-0.000891043,0,0.000963315,1
484,1.36896,0.968,0.968,0,1.36896,-0.0003757,-0.000881883,0,0.000958576,1
485,1.37179,0.97,0.97,0,1.37179,-0.000385317,-0.000872722,0,0.000953998,1
486,1.37462,0.972,0.972,0,1.37462,-0.000394968,-0.000863541,0,0.00094958,1
487,1.37744,0.974,0.974,0,1.37744,-0.000404901,-0.000854198,0,0.000945304,1
488,1.38027,0.976,0.976,0,1.38027,-0.000414835,-0.000844854,0,0.000941205,1
489,1.3831,0.978,0.978,0,1.3831,-0.000424914,-0.000834954,0,0.000936856,1
490,1.38593,0.98,0.98,0,1.38593,-0.000435004,-0.00082501,0,0.000932668,1
491,1.38876,0.982,0.982,0,1.38876,-0.000445093,-0.000815067,0,0.000928678,1
492,1.39159,0.984,0.984,0,1.39159,-0.000455183,-0.000805124,0,0.000924887,1
493,1.39441,0.986,0.986,0,1.39441,-0.000465161,-0.000795271,0,0.00092132,1
494,1.39724,0.988,0.988,0,1.39724,-0.000475067,-0.000785477,0,0.000917967,1
495,1.40007,0.99,0.99,0,1.40007,-0.000484973,-0.000775683,0,0.000914813,1
496,1.4029,0.992,0.992,0,1.4029,-0.000494879,-0.000765889,0,0.000911861,1
497,1.40573,0.994,0.994,0,1.40573,-0.000504775,-0.000755817,0,0.000908877,1
498,1.40856,0.996,0.996,0,1.40856,-0.000514728,-0.000745361,0,0.000905819,1
499,1.41139,0.998,0.998,0,1.41139,-0.000525014,-0.000734649,0,0.000902966,1
500,1.41421,1,1,0,1.41421,-0.0005353,-0.000723936,0,0.00090035,1
501,1.41704,1.002,1.002,0,1.41704,-0.000545584,-0.000713225,0,0.000897971,1
502,1.41987,1.004,1.004,0,1.41987,-0.00055581,-0.00070255,0,0.000895824,1
503,1.4227,1.006,1.006,0,1.4227,-0.000566037,-0.000691874,0,0.000893917,1
504,1.42553,1.008,1.008,0,1.42553,-0.000576263,-0.000681198,0,0.00089225,1
505,1.42836,1.01,1.01,0,1.42836,-0.000586511,-0.000670435,0,0.000890774,1
506,1.43118,1.012,1.012,0,1.43118,-0.000596774,-0.000659612,0,0.000889509,1
507,1.43401,1.014,1.014,0,1.43401,-0.000607071,-0.000648307,0,0.000888165,1
508,1.43684,1.016,1.016,0,1.43684,-0.000617378,-0.000636857,0,0.000886985,1
509,1.43967,1.018,1.018,0,1.43967,-0.000627685,-0.000625407,0,0.000886072,1
510,1.4425,1.02,1.02,0,1.4425,-0.000637993,-0.000613957,0,0.000885425,1
511,1.44533,1.022,1.022,0,1.44533,-0.0006483,-0.000602508,0,0.000885047,1
512,1.44815,1.024,1.024,0,1.44815,-0.000658608,-0.000591057,0,0.000884936,1
513,1.45098,1.026,1.026,0,1.45098,-0.000668852,-0.00057986,0,0.000885212,1
514,1.45381,1.028,1.028,0,1.45381,-0.000679056,-0.000568827,0,0.000885823,1
515,1.45664,1.03,1.03,0,1.45664,-0.000689251,-0.000557117,0,0.000886254,1
516,1.45947,1.032,1.032,0,1.45947,-0.000699439,-0.000544889,0,0.000886633,1
517,1.4623,1.034,1.034,0,1.4623,-0.000709628,-0.00053266,0,0.000887299,1
518,1.46513,1.036,1.036,0,1.46513,-0.000719816,-0.000520432,0,0.000888248,1
519,1.46795,1.038,1.038,0,1.46795,-0.000730005,-0.000508204,0,0.000889482,1
520,1.47078,1.04,1.04,0,1.47078,-0.000740193,-0.000495976,0,0.000890998,1
521,1.47361,1.042,1.042,0,1.47361,-0.000750744,-0.000483909,0,0.000893188,1
522,1.47644,1.044,1.044,0,1.47644,-0.000761329,-0.000471859,0,0.000895697,1
523,1.47927,1.046,1.046,0,1.47927,-0.000771969,-0.000458848,0,0.000898041,1
524,1.4821,1.048,1.048,0,1.4821,-0.000782617,-0.000445696,0,0.00090063,1
525,1.48492,1.05,1.05,0,1.48492,-0.000793266,-0.000432543,0,0.000903529,1
526,1.48775,1.052,1.052,0,1.48775,-0.000803914,-0.00041939,0,0.000906734,1
527,1.49058,1.054,1.054,0,1.49058,-0.000814563,-0.000406238,0,0.000910243,1
528,1.49341,1.056,1.056,0,1.49341,-0.00082522,-0.000393112,0,0.00091407,1
529,1.49624,1.058,1.058,0,1.49624,-0.00083593,-0.00038014,0,0.000918306,1
530,1.49907,1.06,1.06,0,1.49907,-0.00084664,-0.000367169,0,0.000922829,1
531,1.50189,1.062,1.062,0,1.50189,-0.000857314,-0.000354072,0,0.000927552,1
532,1.50472,1.064,1.064,0,1.50472,-0.000867979,-0.000340952,0,0.000932543,1
533,1.50755,1.066,1.066,0,1.50755,-0.000878645,-0.000327832,0,0.000937812,1
534,1.51038,1.068,1.068,0,1.51038,-0.000889314,-0.00031471,0,0.000943357,1
535,1.51321,1.07,1.07,0,1.51321,-0.000900095,-0.000301507,0,0.000949251,1
536,1.51604,1.072,1.072,0,1.51604,-0.000910875,-0.000288305,0,0.000955412,1
537,1.51887,1.074,1.074,0,1.51887,-0.000921655,-0.000275103,0,0.000961836,1
538,1.52169,1.076,1.076,0,1.52169,-0.00093243,-0.000261873,0,0.000968505,1
539,1.52452,1.078,1.078,0,1.52452,-0.000943135,-0.00024829,0,0.00097527,1
540,1.52735,1.08,1.08,0,1.52735,-0.000953841,-0.000234705,0,0.000982293,1
541,1.53018,1.082,1.082,0,1.53018,-0.000964547,-0.000221121,0,0.000989569,1
542,1.53301,1.084,1.084,0,1.53301,-0.000975253,-0.000207538,0,0.000997091,1
543,1.53584,1.086,1.086,0,1.53584,-0.000985958,-0.000193954,0,0.00100485,1
544,1.53866,1.088,1.088,0,1.53866,-0.000996685,-0.000180411,0,0.00101288,1
545,1.54149,1.09,1.09,0,1.54149,-0.00100746,-0.000166967,0,0.0010212,1
546,1.54432,1.092,1.092,0,1.54432,-0.00101824,-0.000153524,0,0.00102975,1
547,1.54715,1.094,1.094,0,1.54715,-0.00102902,-0.000139671,0,0.00103846,1
548,1.54998,1.096,1.096,0,1.54998,-0.00103984,-0.000125674,0,0.00104741,1
549,1.55281,1.098,1.098,0,1.55281,-0.0010509,-0.000111468,0,0.0010568,1
550,1.55563,1.1,1.1,0,1.55563,-0.00106196,-9.72639e-05,0,0.00106641,1
551,1.55846,1.102,1.102,0,1.55846,-0.00107302,-8.30595e-05,0,0.00107623,1
552,1.56129,1.104,1.104,0,1.56129,-0.00108408,-6.8855e-05,0,0.00108627,1
553,1.56412,1.106,1.106,0,1.56412,-0.00109514,-5.46506e-05,0,0.00109651,1
554,1.56695,1.108,1.108,0,1.56695,-0.00110621,-4.04453e-05,0,0.00110694,1
555,1.56978,1.11,1.11,0,1.56978,-0.00111727,-2.62409e-05,0,0.00111757,1
556,1.57261,1.112,1.112,0,1.57261,-0.00112814,-1.16655e-05,0,0.0011282,1
557,1.57543,1.114,1.114,0,1.57543,-0.00113901,2.93158e-06,0,0.00113901,1
558,1.57826,1.116,1.116,0,1.57826,-0.00114987,1.75295e-05,0,0.00115001,1
559,1.58109,1.118,1.118,0,1.58109,-0.00116074,3.21266e-05,0,0.00116119,1
560,1.58392,1.12,1.12,0,1.58392,-0.00117161,4.67237e-05,0,0.00117254,1
561,1.58675,1.122,1.122,0,1.58675,-0.00118247,6.13208e-05,0,0.00118406,1
562,1.58958,1.124,1.124,0,1.58958,-0.00119334,7.59179e-05,0,0.00119575,1
563,1.5924,1.126,1.126,0,1.5924,-0.00120421,9.05159e-05,0,0.0012076,1
564,1.59523,1.128,1.128,0,1.59523,-0.00121523,0.000105605,0,0.00121981,1
565,1.59806,1.13,1.13,0,1.59806,-0.00122635,0.00012088,0,0.00123229,1
566,1.60089,1.132,1.132,0,1.60089,-0.00123752,0.000136049,0,0.00124498,1
567,1.60372,1.134,1.134,0,1.60372,-0.0012487,0.000151218,0,0.00125782,1
568,1.60655,1.136,1.136,0,1.60655,-0.00125988,0.000166388,0,0.00127082,1
569,1.60938,1.138,1.138,0,1.60938,-0.00127105,0.000181558,0,0.00128395,1
570,1.6122,1.14,1.14,0,1.6122,-0.00128223,0.000196727,0,0.00129723,1
571,1.61503,1.142,1.142,0,1.61503,-0.0012934,0.000211896,0,0.00131065,1
572,1.61786,1.144,1.144,0,1.61786,-0.00130458,0.000227066,0,0.00132419,1
573,1.62069,1.146,1.146,0,1.62069,-0.00131567,0.000242265,0,0.00133779,1
574,1.62352,1.148,1.148,0,1.62352,-0.00132666,0.000257498,0,0.00135142,1
575,1.62635,1.15,1.15,0,1.62635,-0.00133765,0.00027273,0,0.00136517,1
576,1.62917,1.152,1.152,0,1.62917,-0.00134872,0.000288473,0,0.00137923,1
577,1.632,1.154,1.154,0,1.632,-0.00135984,0.000304521,0,0.00139352,1
578,1.63483,1.156,1.156,0,1.63483,-0.00137097,0.000320567,0,0.00140795,1
579,1.63766,1.158,1.158,0,1.63766,-0.00138209,0.000336614,0,0.00142249,1
580,1.64049,1.16,1.16,0,1.64049,-0.00139321,0.000352661,0,0.00143715,1
581,1.64332,1.162,1.162,0,1.64332,-0.00140439,0.000368752,0,0.00145199,1
582,1.64614,1.164,1.164,0,1.64614,-0.00141597,0.000385165,0,0.00146742,1
583,1.64897,1.166,1.166,0,1.64897,-0.00142755,0.000401577,0,0.00148296,1
584,1.6518,1.168,1.168,0,1.6518,-0.00143913,0.000417988,0,0.0014986,1
585,1.65463,1.17,1.17,0,1.65463,-0.00145074,0.000434472,0,0.0015144,1
586,1.65746,1.172,1.172,0,1.65746,-0.00146261,0.000451563,0,0.00153073,1
587,1.66029,1.174,1.174,0,1.66029,-0.00147447,0.000468653,0,0.00154716,1
588,1.66312,1.176,1.176,0,1.66312,-0.00148633,0.000485744,0,0.00156369,1
589,1.66594,1.178,1.178,0,1.66594,-0.0014982,0.000502834,0,0.00158033,1
590,1.66877,1.18,1.18,0,1.66877,-0.0015101,0.000519931,0,0.0015971,1
591,1.6716,1.182,1.182,0,1.6716,-0.00152209,0.000537043,0,0.00161406,1
592,1.67443,1.184,1.184,0,1.67443,-0.00153408,0.000554154,0,0.0016311,1
593,1.67726,1.186,1.186,0,1.67726,-0.00154607,0.000571265,0,0.00164823,1
594,1.68009,1.188,1.188,0,1.68009,-0.00155805,0.000588376,0,0.00166545,1
595,1.68291,1.19,1.19,0,1.68291,-0.00157012,0.000605801,0,0.00168294,1
596,1.68574,1.192,1.192,0,1.68574,-0.00158222,0.000623343,0,0.00170058,1
597,1.68857,1.194,1.194,0,1.68857,-0.00159432,0.000640886,0,0.00171831,1
598,1.6914,1.196,1.196,0,1.6914,-0.00160642,0.000658428,0,0.00173612,1
599,1.69423,1.198,1.198,0,1.69423,-0.00161851,0.000675971,0,0.001754,1
600,1.69706,1.2,1.2,0,1.69706,-0.00163061,0.000693514,0,0.00177196,1
601,1.69988,1.202,1.202,0,1.69988,-0.00164271,0.000711057,0,0.00179,1
602,1.70271,1.204,1.204,0,1.70271,-0.0016547,0.00072882,0,0.0018081,1
603,1.70554,1.206,1.206,0,1.70554,-0.00166659,0.000746742,0,0.00182624,1
604,1.70837,1.208,1.208,0,1.70837,-0.00167847,0.000764664,0,0.00184445,1
605,1.7112,1.21,1.21,0,1.7112,-0.00169036,0.000782587,0,0.00186273,1
606,1.71403,1.212,1.212,0,1.71403,-0.00170225,0.000800509,0,0.00188108,1
607,1.71686,1.214,1.214,0,1.71686,-0.00171413,0.000818431,0,0.0018995,1
608,1.71968,1.216,1.216,0,1.71968,-0.00172602,0.000836353,0,0.00191798,1
609,1.72251,1.218,1.218,0,1.72251,-0.00173791,0.000854276,0,0.00193652,1
610,1.72534,1.22,1.22,0,1.72534,-0.00174979,0.000872198,0,0.00195512,1
611,1.72817,1.222,1.222,0,1.72817,-0.00176168,0.000890121,0,0.00197378,1
612,1.731,1.224,1.224,0,1.731,-0.0017735,0.000908378,0,0.0019926,1
613,1.73383,1.226,1.226,0,1.73383,-0.0017853,0.000926704,0,0.00201149,1
614,1.73665,1.228,1.228,0,1.73665,-0.0017971,0.000945031,0,0.00203043,1
615,1.73948,1.23,1.23,0,1.73948,-0.00180909,0.000963745,0,0.00204978,1
616,1.74231,1.232,1.232,0,1.74231,-0.00182112,0.000982563,0,0.00206928,1
617,1.74514,1.234,1.234,0,1.74514,-0.00183316,0.00100138,0,0.00208883,1
618,1.74797,1.236,1.236,0,1.74797,-0.00184519,0.0010202,0,0.00210844,1
619,1.7508,1.238,1.238,0,1.7508,-0.00185723,0.00103902,0,0.00212811,1
620,1.75362,1.24,1.24,0,1.75362,-0.00186929,0.00105779,0,0.00214782,1
621,1.75645,1.242,1.242,0,1.75645,-0.00188137,0.00107651,0,0.00216759,1
622,1.75928,1.244,1.244,0,1.75928,-0.00189346,0.00109524,0,0.0021874,1
623,1.76211,1.246,1.246,0,1.76211,-0.00190554,0.00111396,0,0.00220726,1
624,1.76494,1.248,1.248,0,1.76494,-0.00191763,0.00113269,0,0.00222717,1
625,1.76777,1.25,1.25,0,1.76777,-0.00192971,0.00115161,0,0.00224722,1
626,1.7706,1.252,1.252,0,1.7706,-0.00194177,0.00117119,0,0.00226763,1
627,1.77342,1.254,1.254,0,1.77342,-0.00195383,0.00119078,0,0.0022881,1
628,1.77625,1.256,1.256,0,1.77625,-0.00196589,0.00121037,0,0.00230862,1
629,1.77908,1.258,1.258,0,1.77908,-0.00197795,0.00123011,0,0.00232926,1
630,1.78191,1.26,1.26,0,1.78191,-0.00199001,0.00124993,0,0.00235,1
631,1.78474,1.262,1.262,0,1.78474,-0.00200208,0.00126976,0,0.00237078,1
632,1.78757,1.264,1.264,0,1.78757,-0.00201414,0.00128958,0,0.00239161,1
633,1.79039,1.266,1.266,0,1.79039,-0.00202611,0.00130941,0,0.0024124,1
634,1.79322,1.268,1.268,0,1.79322,-0.00203797,0.00132923,0,0.00243314,1
635,1.79605,1.27,1.27,0,1.79605,-0.00204983,0.00134905,0,0.00245392,1
636,1.79888,1.272,1.272,0,1.79888,-0.00206168,0.00136888,0,0.00247475,1
637,1.80171,1.274,1.274,0,1.80171,-0.0020737,0.00138866,0,0.00249572,1
638,1.80454,1.276,1.276,0,1.80454,-0.0020858,0.00140842,0,0.00251679,1
639,1.80736,1.278,1.278,0,1.80736,-0.00209791,0.00142819,0,0.0025379,1
640,1.81019,1.28,1.28,0,1.81019,-0.00211002,0.0014487,0,0.00255948,1
641,1.81302,1.282,1.282,0,1.81302,-0.00212213,0.00146928,0,0.00258112,1
642,1.81585,1.284,1.284,0,1.81585,-0.00213424,0.00148985,0,0.00260281,1
643,1.81868,1.286,1.286,0,1.81868,-0.00214642,0.00151064,0,0.00262472,1
644,1.82151,1.288,1.288,0,1.82151,-0.00215862,0.00153148,0,0.00264671,1
645,1.82434,1.29,1.29,0,1.82434,-0.00217083,0.00155231,0,0.00266874,1
646,1.82716,1.292,1.292,0,1.82716,-0.00218311,0.00157313,0,0.00269086,1
647,1.82999,1.294,1.294,0,1.82999,-0.00219545,0.00159394,0,0.00271305,1
648,1.83282,1.296,1.296,0,1.83282,-0.00220778,0.00161476,0,0.00273528,1
649,1.83565,1.298,1.298,0,1.83565,-0.0022205,0.001636,0,0.0027581,1
650,1.83848,1.3,1.3,0,1.83848,-0.00223327,0.00165729,0,0.00278102,1
651,1.84131,1.302,1.302,0,1.84131,-0.00224601,0.00167862,0,0.00280399,1
652,1.84413,1.304,1.304,0,1.84413,-0.0022587,0.00170006,0,0.002827,1
653,1.84696,1.306,1.306,0,1.84696,-0.0022714,0.0017215,0,0.00285005,1
654,1.84979,1.308,1.308,0,1.84979,-0.00228412,0.00174297,0,0.00287317,1
655,1.85262,1.31,1.31,0,1.85262,-0.00229723,0.00176481,0,0.00289687,1
656,1.85545,1.312,1.312,0,1.85545,-0.00231035,0.00178665,0,0.00292059,1
657,1.85828,1.314,1.314,0,1.85828,-0.00232347,0.00180849,0,0.00294434,1
658,1.86111,1.316,1.316,0,1.86111,-0.00233659,0.00183034,0,0.00296813,1
659,1.86393,1.318,1.318,0,1.86393,-0.00234968,0.00185223,0,0.00299195,1
660,1.86676,1.32,1.32,0,1.86676,-0.00236278,0.00187412,0,0.0030158,1
661,1.86959,1.322,1.322,0,1.86959,-0.00237588,0.00189601,0,0.00303968,1
662,1.87242,1.324,1.324,0,1.87242,-0.00238914,0.00191825,0,0.00306393,1
663,1.87525,1.326,1.326,0,1.87525,-0.00240243,0.00194056,0,0.00308828,1
664,1.87808,1.328,1.328,0,1.87808,-0.00241576,0.00196309,0,0.00311281,1
665,1.8809,1.33,1.33,0,1.8809,-0.00242912,0.00198579,0,0.00313751,1
666,1.88373,1.332,1.332,0,1.88373,-0.00244248,0.00200849,0,0.00316224,1
667,1.88656,1.334,1.334,0,1.88656,-0.00245584,0.0020312,0,0.00318699,1
668,1.88939,1.336,1.336,0,1.88939,-0.00246916,0.00205395,0,0.00321177,1
669,1.89222,1.338,1.338,0,1.89222,-0.00248233,0.00207689,0,0.00323658,1
670,1.89505,1.34,1.34,0,1.89505,-0.00249551,0.00209983,0,0.00326142,1
671,1.89787,1.342,1.342,0,1.89787,-0.00250868,0.00212278,0,0.00328628,1
672,1.9007,1.344,1.344,0,1.9007,-0.00252185,0.00214572,0,0.00331117,1
673,1.90353,1.346,1.346,0,1.90353,-0.00253502,0.00216866,0,0.00333608,1
674,1.90636,1.348,1.348,0,1.90636,-0.00254823,0.00219168,0,0.00336109,1
675,1.90919,1.35,1.35,0,1.90919,-0.00256158,0.00221511,0,0.0033865,1
676,1.91202,1.352,1.352,0,1.91202,-0.00257493,0.00223853,0,0.00341194,1
677,1.91485,1.354,1.354,0,1.91485,-0.00258828,0.00226196,0,0.00343739,1
678,1.91767,1.356,1.356,0,1.91767,-0.00260164,0.00228538,0,0.00346287,1
679,1.9205,1.358,1.358,0,1.9205,-0.00261502,0.0023088,0,0.00348839,1
680,1.92333,1.36,1.36,0,1.92333,-0.00262853,0.00233274,0,0.00351438,1
681,1.92616,1.362,1.362,0,1.92616,-0.00264205,0.00235669,0,0.00354039,1
682,1.92899,1.364,1.364,0,1.92899,-0.00265557,0.00238063,0,0.00356643,1
683,1.93182,1.366,1.366,0,1.93182,-0.0026691,0.00240457,0,0.0035925,1
684,1.93464,1.368,1.368,0,1.93464,-0.00268262,0.00242852,0,0.00361859,1
685,1.93747,1.37,1.37,0,1.93747,-0.00269633,0.00245275,0,0.00364502,1
686,1.9403,1.372,1.372,0,1.9403,-0.00271027,0.00247707,0,0.00367171,1
687,1.94313,1.374,1.374,0,1.94313,-0.00272423,0.0025014,0,0.00369843,1
688,1.94596,1.376,1.376,0,1.94596,-0.00273819,0.00252572,0,0.00372518,1
689,1.94879,1.378,1.378,0,1.94879,-0.00275215,0.00255004,0,0.00375194,1
690,1.95161,1.38,1.38,0,1.95161,-0.00276611,0.00257438,0,0.00377873,1
691,1.95444,1.382,1.382,0,1.95444,-0.00278008,0.00259888,0,0.00380565,1
692,1.95727,1.384,1.384,0,1.95727,-0.00279412,0.00262364,0,0.00383284,1
693,1.9601,1.386,1.386,0,1.9601,-0.00280828,0.00264878,0,0.00386037,1
694,1.96293,1.388,1.388,0,1.96293,-0.00282249,0.00267394,0,0.00388798,1
695,1.96576,1.39,1.39,0,1.96576,-0.00283686,0.00269923,0,0.00391581,1
696,1.96859,1.392,1.392,0,1.96859,-0.00285122,0.00272452,0,0.00394366,1
697,1.97141,1.394,1.394,0,1.97141,-0.00286555,0.00275008,0,0.00397169,1
698,1.97424,1.396,1.396,0,1.97424,-0.00287986,0.00277582,0,0.00399984,1
699,1.97707,1.398,1.398,0,1.97707,-0.00289416,0.00280156,0,0.00402802,1
700,1.9799,1.4,1.4,0,1.9799,-0.00290849,0.00282731,0,0.00405623,1
701,1.98273,1.402,1.402,0,1.98273,-0.00292282,0.00285303,0,0.00408444,1
702,1.98556,1.404,1.404,0,1.98556,-0.0029369,0.00287868,0,0.00411244,1
703,1.98838,1.406,1.406,0,1.98838,-0.00295097,0.00290433,0,0.00414045,1
704,1.99121,1.408,1.408,0,1.99121,-0.00296489,0.00292981,0,0.00416826,1
705,1.99404,1.41,1.41,0,1.99404,-0.00297827,0.00295458,0,0.00419519,1
706,1.99687,1.412,1.412,0,1.99687,-0.00299165,0.00297929,0,0.0042221,1
707,1.9997,1.414,1.414,0,1.9997,-0.00300513,0.00300406,0,0.00424914,1
708,2.00253,1.416,1.416,0,2.00253,nan,nan,nan,nan,0
709,2.00535,1.418,1.418,0,2.00535,nan,nan,nan,nan,0
710,2.00818,1.42,1.42,0,2.00818,nan,nan,nan,nan,0
711,2.01101,1.422,1.422,0,2.01101,nan,nan,nan,nan,0
712,2.01384,1.424,1.424,0,2.01384,nan,nan,nan,nan,0
713,2.01667,1.426,1.426,0,2.01667,nan,nan,nan,nan,0
714,2.0195,1.428,1.428,0,2.0195,nan,nan,nan,nan,0
715,2.02233,1.43,1.43,0,2.02233,nan,nan,nan,nan,0
716,2.02515,1.432,1.432,0,2.02515,nan,nan,nan,nan,0
717,2.02798,1.434,1.434,0,2.02798,nan,nan,nan,nan,0
718,2.03081,1.436,1.436,0,2.03081,nan,nan,nan,nan,0
719,2.03364,1.438,1.438,0,2.03364,nan,nan,nan,nan,0
720,2.03647,1.44,1.44,0,2.03647,nan,nan,nan,nan,0
721,2.0393,1.442,1.442,0,2.0393,nan,nan,nan,nan,0
722,2.04212,1.444,1.444,0,2.04212,nan,nan,nan,nan,0
723,2.04495,1.446,1.446,0,2.04495,nan,nan,nan,nan,0
724,2.04778,1.448,1.448,0,2.04778,nan,nan,nan,nan,0
725,2.05061,1.45,1.45,0,2.05061,nan,nan,nan,nan,0
726,2.05344,1.452,1.452,0,2.05344,nan,nan,nan,nan,0
727,2.05627,1.454,1.454,0,2.05627,nan,nan,nan,nan,0
728,2.05909,1.456,1.456,0,2.05909,nan,nan,nan,nan,0
729,2.06192,1.458,1.458,0,2.06192,nan,nan,nan,nan,0
730,2.06475,1.46,1.46,0,2.06475,nan,nan,nan,nan,0
731,2.06758,1.462,1.462,0,2.06758,nan,nan,nan,nan,0
732,2.07041,1.464,1.464,0,2.07041,nan,nan,nan,nan,0
733,2.07324,1.466,1.466,0,2.07324,nan,nan,nan,nan,0
734,2.07607,1.468,1.468,0,2.07607,nan,nan,nan,nan,0
735,2.07889,1.47,1.47,0,2.07889,nan,nan,nan,nan,0
736,2.08172,1.472,1.472,0,2.08172,nan,nan,nan,nan,0
737,2.08455,1.474,1.474,0,2.08455,nan,nan,nan,nan,0
738,2.08738,1.476,1.476,0,2.08738,nan,nan,nan,nan,0
739,2.09021,1.478,1.478,0,2.09021,nan,nan,nan,nan,0
740,2.09304,1.48,1.48,0,2.09304,nan,nan,nan,nan,0
741,2.09586,1.482,1.482,0,2.09586,nan,nan,nan,nan,0
742,2.09869,1.484,1.484,0,2.09869,nan,nan,nan,nan,0
743,2.10152,1.486,1.486,0,2.10152,nan,nan,nan,nan,0
744,2.10435,1.488,1.488,0,2.10435,nan,nan,nan,nan,0
745,2.10718,1.49,1.49,0,2.10718,nan,nan,nan,nan,0
746,2.11001,1.492,1.492,0,2.11001,nan,nan,nan,nan,0
747,2.11283,1.494,1.494,0,2.11283,nan,nan,nan,nan,0
748,2.11566,1.496,1.496,0,2.11566,nan,nan,nan,nan,0
749,2.11849,1.498,1.498,0,2.11849,nan,nan,nan,nan,0
750,2.12132,1.5,1.5,0,2.12132,nan,nan,nan,nan,0
751,2.12415,1.502,1.502,0,2.12415,nan,nan,nan,nan,0
752,2.12698,1.504,1.504,0,2.12698,nan,nan,nan,nan,0
753,2.12981,1.506,1.506,0,2.12981,nan,nan,nan,nan,0
754,2.13263,1.508,1.508,0,2.13263,nan,nan,nan,nan,0
755,2.13546,1.51,1.51,0,2.13546,nan,nan,nan,nan,0
756,2.13829,1.512,1.512,0,2.13829,nan,nan,nan,nan,0
757,2.14112,1.514,1.514,0,2.14112,nan,nan,nan,nan,0
758,2.14395,1.516,1.516,0,2.14395,nan,nan,nan,nan,0
759,2.14678,1.518,1.518,0,2.14678,nan,nan,nan,nan,0
760,2.1496,1.52,1.52,0,2.1496,nan,nan,nan,nan,0
761,2.15243,1.522,1.522,0,2.15243,nan,nan,nan,nan,0
762,2.15526,1.524,1.524,0,2.15526,nan,nan,nan,nan,0
763,2.15809,1.526,1.526,0,2.15809,nan,nan,nan,nan,0
764,2.16092,1.528,1.528,0,2.16092,nan,nan,nan,nan,0
765,2.16375,1.53,1.53,0,2.16375,nan,nan,nan,nan,0
766,2.16658,1.532,1.532,0,2.16658,nan,nan,nan,nan,0
767,2.1694,1.534,1.534,0,2.1694,nan,nan,nan,nan,0
768,2.17223,1.536,1.536,0,2.17223,nan,nan,nan,nan,0
769,2.17506,1.538,1.538,0,2.17506,nan,nan,nan,nan,0
770,2.17789,1.54,1.54,0,2.17789,nan,nan,nan,nan,0
771,2.18072,1.542,1.542,0,2.18072,nan,nan,nan,nan,0
772,2.18355,1.544,1.544,0,2.18355,nan,nan,nan,nan,0
773,2.18637,1.546,1.546,0,2.18637,nan,nan,nan,nan,0
774,2.1892,1.548,1.548,0,2.1892,nan,nan,nan,nan,0
775,2.19203,1.55,1.55,0,2.19203,nan,nan,nan,nan,0
776,2.19486,1.552,1.552,0,2.19486,nan,nan,nan,nan,0
777,2.19769,1.554,1.554,0,2.19769,nan,nan,nan,nan,0
778,2.20052,1.556,1.556,0,2.20052,nan,nan,nan,nan,0
779,2.20334,1.558,1.558,0,2.20334,nan,nan,nan,nan,0
780,2.20617,1.56,1.56,0,2.20617,nan,nan,nan,nan,0
781,2.209,1.562,1.562,0,2.209,nan,nan,nan,nan,0
782,2.21183,1.564,1.564,0,2.21183,nan,nan,nan,nan,0
783,2.21466,1.566,1.566,0,2.21466,nan,nan,nan,nan,0
784,2.21749,1.568,1.568,0,2.21749,nan,nan,nan,nan,0
785,2.22032,1.57,1.57,0,2.22032,nan,nan,nan,nan,0
786,2.22314,1.572,1.572,0,2.22314,nan,nan,nan,nan,0
787,2.22597,1.574,1.574,0,2.22597,nan,nan,nan,nan,0
788,2.2288,1.576,1.576,0,2.2288,nan,nan,nan,nan,0
789,2.23163,1.578,1.578,0,2.23163,nan,nan,nan,nan,0
790,2.23446,1.58,1.58,0,2.23446,nan,nan,nan,nan,0
791,2.23729,1.582,1.582,0,2.23729,nan,nan,nan,nan,0
792,2.24011,1.584,1.584,0,2.24011,nan,nan,nan,nan,0
793,2.24294,1.586,1.586,0,2.24294,nan,nan,nan,nan,0
794,2.24577,1.588,1.588,0,2.24577,nan,nan,nan,nan,0
795,2.2486,1.59,1.59,0,2.2486,nan,nan,nan,nan,0
796,2.25143,1.592,1.592,0,2.25143,nan,nan,nan,nan,0
797,2.25426,1.594,1.594,0,2.25426,nan,nan,nan,nan,0
798,2.25708,1.596,1.596,0,2.25708,nan,nan,nan,nan,0
799,2.25991,1.598,1.598,0,2.25991,nan,nan,nan,nan,0
800,2.26274,1.6,1.6,0,2.26274,nan,nan,nan,nan,0
801,2.26557,1.602,1.602,0,2.26557,nan,nan,nan,nan,0
802,2.2684,1.604,1.604,0,2.2684,nan,nan,nan,nan,0
803,2.27123,1.606,1.606,0,2.27123,nan,nan,nan,nan,0
804,2.27406,1.608,1.608,0,2.27406,nan,nan,nan,nan,0
805,2.27688,1.61,1.61,0,2.27688,nan,nan,nan,nan,0
806,2.27971,1.612,1.612,0,2.27971,nan,nan,nan,nan,0
807,2.28254,1.614,1.614,0,2.28254,nan,nan,nan,nan,0
808,2.28537,1.616,1.616,0,2.28537,nan,nan,nan,nan,0
809,2.2882,1.618,1.618,0,2.2882,nan,nan,nan,nan,0
810,2.29103,1.62,1.62,0,2.29103,nan,nan,nan,nan,0
811,2.29385,1.622,1.622,0,2.29385,nan,nan,nan,nan,0
812,2.29668,1.624,1.624,0,2.29668,nan,nan,nan,nan,0
813,2.29951,1.626,1.626,0,2.29951,nan,nan,nan,nan,0
814,2.30234,1.628,1.628,0,2.30234,nan,nan,nan,nan,0
815,2.30517,1.63,1.63,0,2.30517,nan,nan,nan,nan,0
816,2.308,1.632,1.632,0,2.308,nan,nan,nan,nan,0
817,2.31082,1.634,1.634,0,2.31082,nan,nan,nan,nan,0
818,2.31365,1.636,1.636,0,2.31365,nan,nan,nan,nan,0
819,2.31648,1.638,1.638,0,2.31648,nan,nan,nan,nan,0
820,2.31931,1.64,1.64,0,2.31931,nan,nan,nan,nan,0
821,2.32214,1.642,1.642,0,2.32214,nan,nan,nan,nan,0
822,2.32497,1.644,1.644,0,2.32497,nan,nan,nan,nan,0
823,2.3278,1.646,1.646,0,2.3278,nan,nan,nan,nan,0
824,2.33062,1.648,1.648,0,2.33062,nan,nan,nan,nan,0
825,2.33345,1.65,1.65,0,2.33345,nan,nan,nan,nan,0
826,2.33628,1.652,1.652,0,2.33628,nan,nan,nan,nan,0
827,2.33911,1.654,1.654,0,2.33911,nan,nan,nan,nan,0
828,2.34194,1.656,1.656,0,2.34194,nan,nan,nan,nan,0
829,2.34477,1.658,1.658,0,2.34477,nan,nan,nan,nan,0
830,2.34759,1.66,1.66,0,2.34759,nan,nan,nan,nan,0
831,2.35042,1.662,1.662,0,2.35042,nan,nan,nan,nan,0
832,2.35325,1.664,1.664,0,2.35325,nan,nan,nan,nan,0
833,2.35608,1.666,1.666,0,2.35608,nan,nan,nan,nan,0
834,2.35891,1.668,1.668,0,2.35891,nan,nan,nan,nan,0
835,2.36174,1.67,1.67,0,2.36174,nan,nan,nan,nan,0
836,2.36457,1.672,1.672,0,2.36457,nan,nan,nan,nan,0
837,2.36739,1.674,1.674,0,2.36739,nan,nan,nan,nan,0
838,2.37022,1.676,1.676,0,2.37022,nan,nan,nan,nan,0
839,2.37305,1.678,1.678,0,2.37305,nan,nan,nan,nan,0
840,2.37588,1.68,1.68,0,2.37588,nan,nan,nan,nan,0
841,2.37871,1.682,1.682,0,2.37871,nan,nan,nan,nan,0
842,2.38154,1.684,1.684,0,2.38154,nan,nan,nan,nan,0
843,2.38436,1.686,1.686,0,2.38436,nan,nan,nan,nan,0
844,2.38719,1.688,1.688,0,2.38719,nan,nan,nan,nan,0
845,2.39002,1.69,1.69,0,2.39002,nan,nan,nan,nan,0
846,2.39285,1.692,1.692,0,2.39285,nan,nan,nan,nan,0
847,2.39568,1.694,1.694,0,2.39568,nan,nan,nan,nan,0
848,2.39851,1.696,1.696,0,2.39851,nan,nan,nan,nan,0
849,2.40133,1.698,1.698,0,2.40133,nan,nan,nan,nan,0
850,2.40416,1.7,1.7,0,2.40416,nan,nan,nan,nan,0
851,2.40699,1.702,1.702,0,2.40699,nan,nan,nan,nan,0
852,2.40982,1.704,1.704,0,2.40982,nan,nan,nan,nan,0
853,2.41265,1.706,1.706,0,2.41265,nan,nan,nan,nan,0
854,2.41548,1.708,1.708,0,2.41548,nan,nan,nan,nan,0
855,2.41831,1.71,1.71,0,2.41831,nan,nan,nan,nan,0
856,2.42113,1.712,1.712,0,2.42113,nan,nan,nan,nan,0
857,2.42396,1.714,1.714,0,2.42396,nan,nan,nan,nan,0
858,2.42679,1.716,1.716,0,2.42679,nan,nan,nan,nan,0
859,2.42962,1.718,1.718,0,2.42962,nan,nan,nan,nan,0
860,2.43245,1.72,1.72,0,2.43245,nan,nan,nan,nan,0
861,2.43528,1.722,1.722,0,2.43528,nan,nan,nan,nan,0
862,2.4381,1.724,1.724,0,2.4381,nan,nan,nan,nan,0
863,2.44093,1.726,1.726,0,2.44093,nan,nan,nan,nan,0
864,2.44376,1.728,1.728,0,2.44376,nan,nan,nan,nan,0
865,2.44659,1.73,1.73,0,2.44659,nan,nan,nan,nan,0
866,2.44942,1.732,1.732,0,2.44942,nan,nan,nan,nan,0
867,2.45225,1.734,1.734,0,2.45225,nan,nan,nan,nan,0
868,2.45507,1.736,1.736,0,2.45507,nan,nan,nan,nan,0
869,2.4579,1.738,1.738,0,2.4579,nan,nan,nan,nan,0
870,2.46073,1.74,1.74,0,2.46073,nan,nan,nan,nan,0
871,2.46356,1.742,1.742,0,2.46356,nan,nan,nan,nan,0
872,2.46639,1.744,1.744,0,2.46639,nan,nan,nan,nan,0
873,2.46922,1.746,1.746,0,2.46922,nan,nan,nan,nan,0
874,2.47205,1.748,1.748,0,2.47205,nan,nan,nan,nan,0
875,2.47487,1.75,1.75,0,2.47487,nan,nan,nan,nan,0
876,2.4777,1.752,1.752,0,2.4777,nan,nan,nan,nan,0
877,2.48053,1.754,1.754,0,2.48053,nan,nan,nan,nan,0
878,2.48336,1.756,1.756,0,2.48336,nan,nan,nan,nan,0
879,2.48619,1.758,1.758,0,2.48619,nan,nan,nan,nan,0
880,2.48902,1.76,1.76,0,2.48902,nan,nan,nan,nan,0
881,2.49184,1.762,1.762,0,2.49184,nan,nan,nan,nan,0
882,2.49467,1.764,1.764,0,2.49467,nan,nan,nan,nan,0
883,2.4975,1.766,1.766,0,2.4975,nan,nan,nan,nan,0
884,2.50033,1.768,1.768,0,2.50033,nan,nan,nan,nan,0
885,2.50316,1.77,1.77,0,2.50316,nan,nan,nan,nan,0
886,2.50599,1.772,1.772,0,2.50599,nan,nan,nan,nan,0
887,2.50881,1.774,1.774,0,2.50881,nan,nan,nan,nan,0
888,2.51164,1.776,1.776,0,2.51164,nan,nan,nan,nan,0
889,2.51447,1.778,1.778,0,2.51447,nan,nan,nan,nan,0
890,2.5173,1.78,1.78,0,2.5173,nan,nan,nan,nan,0
891,2.52013,1.782,1.782,0,2.52013,nan,nan,nan,nan,0
892,2.52296,1.784,1.784,0,2.52296,nan,nan,nan,nan,0
893,2.52579,1.786,1.786,0,2.52579,nan,nan,nan,nan,0
894,2.52861,1.788,1.788,0,2.52861,nan,nan,nan,nan,0
895,2.53144,1.79,1.79,0,2.53144,nan,nan,nan,nan,0
896,2.53427,1.792,1.792,0,2.53427,nan,nan,nan,nan,0
897,2.5371,1.794,1.794,0,2.5371,nan,nan,nan,nan,0
898,2.53993,1.796,1.796,0,2.53993,nan,nan,nan,nan,0
899,2.54276,1.798,1.798,0,2.54276,nan,nan,nan,nan,0
900,2.54558,1.8,1.8,0,2.54558,nan,nan,nan,nan,0
901,2.54841,1.802,1.802,0,2.54841,nan,nan,nan,nan,0
902,2.55124,1.804,1.804,0,2.55124,nan,nan,nan,nan,0
903,2.55407,1.806,1.806,0,2.55407,nan,nan,nan,nan,0
904,2.5569,1.808,1.808,0,2.5569,nan,nan,nan,nan,0
905,2.55973,1.81,1.81,0,2.55973,nan,nan,nan,nan,0
906,2.56256,1.812,1.812,0,2.56256,nan,nan,nan,nan,0
907,2.56538,1.814,1.814,0,2.56538,nan,nan,nan,nan,0
908,2.56821,1.816,1.816,0,2.56821,nan,nan,nan,nan,0
909,2.57104,1.818,1.818,0,2.57104,nan,nan,nan,nan,0
910,2.57387,1.82,1.82,0,2.57387,nan,nan,nan,nan,0
911,2.5767,1.822,1.822,0,2.5767,nan,nan,nan,nan,0
912,2.57953,1.824,1.824,0,2.57953,nan,nan,nan,nan,0
913,2.58235,1.826,1.826,0,2.58235,nan,nan,nan,nan,0
914,2.58518,1.828,1.828,0,2.58518,nan,nan,nan,nan,0
915,2.58801,1.83,1.83,0,2.58801,nan,nan,nan,nan,0
916,2.59084,1.832,1.832,0,2.59084,nan,nan,nan,nan,0
917,2.59367,1.834,1.834,0,2.59367,nan,nan,nan,nan,0
918,2.5965,1.836,1.836,0,2.5965,nan,nan,nan,nan,0
919,2.59932,1.838,1.838,0,2.59932,nan,nan,nan,nan,0
920,2.60215,1.84,1.84,0,2.60215,nan,nan,nan,nan,0
921,2.60498,1.842,1.842,0,2.60498,nan,nan,nan,nan,0
922,2.60781,1.844,1.844,0,2.60781,nan,nan,nan,nan,0
923,2.61064,1.846,1.846,0,2.61064,nan,nan,nan,nan,0
924,2.61347,1.848,1.848,0,2.61347,nan,nan,nan,nan,0
925,2.6163,1.85,1.85,0,2.6163,nan,nan,nan,nan,0
926,2.61912,1.852,1.852,0,2.61912,nan,nan,nan,nan,0
927,2.62195,1.854,1.854,0,2.62195,nan,nan,nan,nan,0
928,2.62478,1.856,1.856,0,2.62478,nan,nan,nan,nan,0
929,2.62761,1.858,1.858,0,2.62761,nan,nan,nan,nan,0
930,2.63044,1.86,1.86,0,2.63044,nan,nan,nan,nan,0
931,2.63327,1.862,1.862,0,2.63327,nan,nan,nan,nan,0
932,2.63609,1.864,1.864,0,2.63609,nan,nan,nan,nan,0
933,2.63892,1.866,1.866,0,2.63892,nan,nan,nan,nan,0
934,2.64175,1.868,1.868,0,2.64175,nan,nan,nan,nan,0
935,2.64458,1.87,1.87,0,2.64458,nan,nan,nan,nan,0
936,2.64741,1.872,1.872,0,2.64741,nan,nan,nan,nan,0
937,2.65024,1.874,1.874,0,2.65024,nan,nan,nan,nan,0
938,2.65306,1.876,1.876,0,2.65306,nan,nan,nan,nan,0
939,2.65589,1.878,1.878,0,2.65589,nan,nan,nan,nan,0
940,2.65872,1.88,1.88,0,2.65872,nan,nan,nan,nan,0
941,2.66155,1.882,1.882,0,2.66155,nan,nan,nan,nan,0
942,2.66438,1.884,1.884,0,2.66438,nan,nan,nan,nan,0
943,2.66721,1.886,1.886,0,2.66721,nan,nan,nan,nan,0
944,2.67004,1.888,1.888,0,2.67004,nan,nan,nan,nan,0
945,2.67286,1.89,1.89,0,2.67286,nan,nan,nan,nan,0
946,2.67569,1.892,1.892,0,2.67569,nan,nan,nan,nan,0
947,2.67852,1.894,1.894,0,2.67852,nan,nan,nan,nan,0
948,2.68135,1.896,1.896,0,2.68135,nan,nan,nan,nan,0
949,2.68418,1.898,1.898,0,2.68418,nan,nan,nan,nan,0
950,2.68701,1.9,1.9,0,2.68701,nan,nan,nan,nan,0
951,2.68983,1.902,1.902,0,2.68983,nan,nan,nan,nan,0
952,2.69266,1.904,1.904,0,2.69266,nan,nan,nan,nan,0
953,2.69549,1.906,1.906,0,2.69549,nan,nan,nan,nan,0
954,2.69832,1.908,1.908,0,2.69832,nan,nan,nan,nan,0
955,2.70115,1.91,1.91,0,2.70115,nan,nan,nan,nan,0
956,2.70398,1.912,1.912,0,2.70398,nan,nan,nan,nan,0
957,2.7068,1.914,1.914,0,2.7068,nan,nan,nan,nan,0
958,2.70963,1.916,1.916,0,2.70963,nan,nan,nan,nan,0
959,2.71246,1.918,1.918,0,2.71246,nan,nan,nan,nan,0
960,2.71529,1.92,1.92,0,2.71529,nan,nan,nan,nan,0
961,2.71812,1.922,1.922,0,2.71812,nan,nan,nan,nan,0
962,2.72095,1.924,1.924,0,2.72095,nan,nan,nan,nan,0
963,2.72378,1.926,1.926,0,2.72378,nan,nan,nan,nan,0
964,2.7266,1.928,1.928,0,2.7266,nan,nan,nan,nan,0
965,2.72943,1.93,1.93,0,2.72943,nan,nan,nan,nan,0
966,2.73226,1.932,1.932,0,2.73226,nan,nan,nan,nan,0
967,2.73509,1.934,1.934,0,2.73509,nan,nan,nan,nan,0
968,2.73792,1.936,1.936,0,2.73792,nan,nan,nan,nan,0
969,2.74075,1.938,1.938,0,2.74075,nan,nan,nan,nan,0
970,2.74357,1.94,1.94,0,2.74357,nan,nan,nan,nan,0
971,2.7464,1.942,1.942,0,2.7464,nan,nan,nan,nan,0
972,2.74923,1.944,1.944,0,2.74923,nan,nan,nan,nan,0
973,2.75206,1.946,1.946,0,2.75206,nan,nan,nan,nan,0
974,2.75489,1.948,1.948,0,2.75489,nan,nan,nan,nan,0
975,2.75772,1.95,1.95,0,2.75772,nan,nan,nan,nan,0
976,2.76055,1.952,1.952,0,2.76055,nan,nan,nan,nan,0
977,2.76337,1.954,1.954,0,2.76337,nan,nan,nan,nan,0
978,2.7662,1.956,1.956,0,2.7662,nan,nan,nan,nan,0
979,2.76903,1.958,1.958,0,2.76903,nan,nan,nan,nan,0
980,2.77186,1.96,1.96,0,2.77186,nan,nan,nan,nan,0
981,2.77469,1.962,1.962,0,2.77469,nan,nan,nan,nan,0
982,2.77752,1.964,1.964,0,2.77752,nan,nan,nan,nan,0
983,2.78034,1.966,1.966,0,2.78034,nan,nan,nan,nan,0
984,2.78317,1.968,1.968,0,2.78317,nan,nan,nan,nan,0
985,2.786,1.97,1.97,0,2.786,nan,nan,nan,nan,0
986,2.78883,1.972,1.972,0,2.78883,nan,nan,nan,nan,0
987,2.79166,1.974,1.974,0,2.79166,nan,nan,nan,nan,0
988,2.79449,1.976,1.976,0,2.79449,nan,nan,nan,nan,0
989,2.79731,1.978,1.978,0,2.79731,nan,nan,nan,nan,0
990,2.80014,1.98,1.98,0,2.80014,nan,nan,nan,nan,0
991,2.80297,1.982,1.982,0,2.80297,nan,nan,nan,nan,0
992,2.8058,1.984,1.984,0,2.8058,nan,nan,nan,nan,0
993,2.80863,1.986,1.986,0,2.80863,nan,nan,nan,nan,0
994,2.81146,1.988,1.988,0,2.81146,nan,nan,nan,nan,0
995,2.81429,1.99,1.99,0,2.81429,nan,nan,nan,nan,0
996,2.81711,1.992,1.992,0,2.81711,nan,nan,nan,nan,0
997,2.81994,1.994,1.994,0,2.81994,nan,nan,nan,nan,0
998,2.82277,1.996,1.996,0,2.82277,nan,nan,nan,nan,0
999,2.8256,1.998,1.998,0,2.8256,nan,nan,nan,nan,0
1000,2.82843,2,2,0,2.82843,nan,nan,nan,nan,0
